player_id,name,team,playing_role,performance_type,matches_played,batting_runs,total_balls,total_fours,total_sixes,batting_average,strike_rate,total_overs,total_wickets,bowling_runs,total_maidens,total_wides,total_noballs,bowling_average,economy_rate,bowling_strike_rate,batting_rating,bowling_rating,overall_rating,role_consistency_score,final_rating
40,Sikandar Raza,Zimbabwe,Batting Allrounder,All-rounder,8.0,219.0,148.0,16.0,11.0,27.38,147.97,24.0,10.0,156.0,0.0,5.0,1.0,15.6,6.5,14.4,156.96714920399856,50.70083333333334,103.83399126866595,0.9156551993307152,122.84921806314877
70,Alex Hales,England,Opening Batter,Batsman,6.0,212.0,144.0,19.0,10.0,35.33,147.22,0.0,0.0,0.0,0.0,0.0,0.0,0.0,0.0,0.0,170.08100628930816,24.012012012012015,97.04650915066009,0.9231055716163428,114.96334381123823
170,Lungi Ngidi,South Africa,Bowler,Bowling All-rounder,1.0,4.0,1.0,1.0,0.0,4.0,400.0,13.0,7.0,116.0,0.0,4.0,0.0,16.57,8.92,11.14,152.96,48.803076923076915,100.88153846153847,0.5144392663671227,111.26102338876657
131,Suryakumar Yadav,India,Batter,Batsman,6.0,239.0,126.0,26.0,9.0,39.83,189.68,0.0,0.0,0.0,0.0,0.0,0.0,0.0,0.0,0.0,167.40565185627946,30.015015015015017,98.71033343564724,0.6347398717664287,111.24141031304008
97,Max O'Dowd,Netherlands,Opening Batter,Batsman,8.0,242.0,215.0,22.0,8.0,30.25,112.56,0.0,0.0,0.0,0.0,0.0,0.0,0.0,0.0,0.0,161.37931193542187,24.012012012012015,92.69566197371694,0.9040910782935396,109.45672617110718
130,Virat Kohli,India,Top order Batter,Batsman,6.0,296.0,217.0,25.0,8.0,49.33,136.41,0.0,0.0,0.0,0.0,0.0,0.0,0.0,0.0,0.0,190.03465437788017,24.012012012012015,107.02333319494609,0.0869109767555694,108.88363367966801
177,Glenn Phillips,New Zealand,Wicketkeeper Batter,Batsman,5.0,201.0,127.0,19.0,8.0,40.2,158.27,0.0,0.0,0.0,0.0,0.0,0.0,0.0,0.0,0.0,156.32600423081445,27.013513513513516,91.66975887216398,0.9062369505420282,108.28466341961058
174,Finn Allen,New Zealand,Top order Batter,Batsman,5.0,95.0,51.0,11.0,5.0,19.0,186.27,0.0,0.0,0.0,0.0,0.0,0.0,0.0,0.0,0.0,151.65386996904024,24.012012012012015,87.83294099052613,0.7147454357405026,100.38857972665481
69,Jos Buttler,England,Wicketkeeper Batter,Batsman,6.0,225.0,156.0,24.0,7.0,37.5,144.23,0.0,0.0,0.0,0.0,0.0,0.0,0.0,0.0,0.0,157.95153846153846,27.013513513513516,92.48252598752599,0.3550211418046324,99.0491763821396
27,Glenn Maxwell,Australia,Batting Allrounder,Batting All-rounder,4.0,118.0,73.0,11.0,6.0,29.5,161.64,3.1,3.0,19.0,0.0,0.0,0.0,6.33,6.13,6.2,132.4361690271651,40.23870967741936,86.33743935229224,0.7244230361176768,98.84640534153489
9,Pathum Nissanka,Sri Lanka,Top order Batter,Batsman,7.0,214.0,196.0,13.0,8.0,30.57,109.18,0.0,0.0,0.0,0.0,0.0,0.0,0.0,0.0,0.0,146.2705931718482,24.012012012012015,85.1413025919301,0.8033582914221802,98.82109686787247
194,Rilee Rossouw,South Africa,Top order Batter,Batsman,4.0,141.0,83.0,9.0,9.0,35.25,169.88,0.0,0.0,0.0,0.0,0.0,0.0,0.0,0.0,0.0,155.2808920789541,24.012012012012015,89.64645204548306,0.4451580385671937,97.62781979689811
176,Kane Williamson,New Zealand,Top order Batter,Batsman,5.0,178.0,153.0,11.0,5.0,35.6,116.34,0.0,0.0,0.0,0.0,0.0,0.0,0.0,0.0,0.0,134.88942938973344,24.012012012012015,79.45072070087272,0.9857500068103804,95.11443039526772
122,Shadab Khan,Pakistan,Allrounder,Bowling All-rounder,6.0,98.0,58.0,7.0,5.0,16.33,168.97,26.0,11.0,165.0,0.0,0.0,0.0,15.0,6.35,14.18,114.74130893736805,51.15384615384615,82.9475775456071,0.7249303084281659,94.97382014030833
44,Paul Stirling,Ireland,Batting Allrounder,Batsman,7.0,170.0,127.0,16.0,6.0,24.29,133.86,0.0,0.0,0.0,0.0,0.0,0.0,0.0,0.0,0.0,134.40940250115796,33.01651651651652,83.71295950883723,0.6654543945620535,94.85439086622743
46,Lorcan Tucker,Ireland,Wicketkeeper Batter,Batsman,7.0,204.0,163.0,19.0,4.0,29.14,125.15,0.0,0.0,0.0,0.0,0.0,0.0,0.0,0.0,0.0,138.563955250812,27.013513513513516,82.78873438216276,0.5565623032635673,92.0041521205652
10,Kusal Mendis,Sri Lanka,Wicketkeeper Batter,Batsman,8.0,223.0,156.0,17.0,10.0,27.88,142.95,0.0,0.0,0.0,0.0,0.0,0.0,0.0,0.0,0.0,155.42913993331032,27.013513513513516,91.22132672341192,0.0236390889294231,91.65260453434686
140,Najmul Hossain Shanto,Bangladesh,Top order Batter,Batsman,5.0,180.0,157.0,20.0,2.0,36.0,114.65,0.0,0.0,0.0,0.0,0.0,0.0,0.0,0.0,0.0,138.23184713375795,24.012012012012015,81.12192957288498,0.6259757158429163,91.27800115987405
142,Litton Das,Bangladesh,Wicketkeeper Batter,Batsman,5.0,127.0,89.0,11.0,5.0,25.4,142.7,0.0,0.0,0.0,0.0,0.0,0.0,0.0,0.0,0.0,123.9248633106255,27.013513513513516,75.46918841206951,0.9010177888493685,89.06900466592937
11,Dhananjaya de Silva,Sri Lanka,Allrounder,All-rounder,8.0,177.0,137.0,15.0,4.0,22.12,129.2,12.1,6.0,83.0,0.0,0.0,0.0,13.83,6.86,12.1,119.01612025238154,41.18181818181819,80.09896921709986,0.5497318897633491,88.9055607602624
48,Curtis Campher,Ireland,Allrounder,Batting All-rounder,6.0,126.0,77.0,12.0,2.0,21.0,163.64,8.0,2.0,74.0,0.0,0.0,0.0,37.0,9.25,24.0,117.54025974025974,31.849999999999998,74.69512987012988,0.9099355739836884,88.28868104456244
28,Marcus Stoinis,Australia,Batting Allrounder,Batting All-rounder,4.0,126.0,78.0,7.0,9.0,31.5,161.54,9.0,1.0,87.0,0.0,4.0,0.0,87.0,9.67,54.0,134.13311355311356,30.115555555555556,82.12433455433455,0.3711320505441049,88.22012909087861
155,Michael Jones,Scotland,Top order Batter,Batsman,3.0,110.0,77.0,10.0,4.0,36.67,142.86,0.0,0.0,0.0,0.0,0.0,0.0,0.0,0.0,0.0,129.11688311688312,24.012012012012015,76.56444756444756,0.7609940386822563,88.21746519875653
128,KL Rahul,India,Opening Batter,Batsman,6.0,128.0,106.0,8.0,8.0,21.33,120.75,0.0,0.0,0.0,0.0,0.0,0.0,0.0,0.0,0.0,126.54226415094338,24.012012012012015,75.2771380814777,0.7888241293961643,87.15322266358899
13,Bhanuka Rajapaksa,Sri Lanka,Top order Batter,Batsman,7.0,125.0,105.0,14.0,2.0,17.86,119.05,0.0,0.0,0.0,0.0,0.0,0.0,0.0,0.0,0.0,121.72685714285713,24.012012012012015,72.86943457743457,0.9737712840341476,87.06106715249672
166,Quinton de Kock,South Africa,Wicketkeeper Batter,Batsman,5.0,124.0,77.0,16.0,5.0,24.8,161.04,0.0,0.0,0.0,0.0,0.0,0.0,0.0,0.0,0.0,136.79327188940093,27.013513513513516,81.90339270145722,0.3020934063967105,86.85188768078336
199,Mohammad Haris,Pakistan,Middle order Batter,Batsman,4.0,97.0,67.0,6.0,6.0,24.25,144.78,0.0,0.0,0.0,0.0,0.0,0.0,0.0,0.0,0.0,116.12386367133405,27.013513513513516,71.56868859242378,0.992247519670907,85.77145934081018
118,Mohammad Rizwan,Pakistan,Wicketkeeper Batter,Batsman,7.0,175.0,160.0,15.0,3.0,25.0,109.38,0.0,0.0,0.0,0.0,0.0,0.0,0.0,0.0,0.0,120.58357142857143,27.013513513513516,73.79854247104248,0.657173059373204,83.49822525763814
133,Hardik Pandya,India,Allrounder,All-rounder,5.0,128.0,97.0,7.0,7.0,25.6,131.96,18.0,8.0,146.0,0.0,3.0,1.0,18.25,8.11,13.5,107.58975515463916,42.67777777777778,75.13376646620847,0.5291506432869845,83.08518263784212
195,Aiden Markram,South Africa,Opening Batter,Bits and Pieces,4.0,99.0,79.0,13.0,1.0,24.75,125.32,3.0,1.0,21.0,0.0,1.0,0.0,21.0,7.0,18.0,116.8828078250863,24.186666666666667,70.53473724587649,0.7853292857895762,81.61333621080841
45,Andy Balbirnie,Ireland,Batter,Batsman,7.0,153.0,123.0,10.0,9.0,21.86,124.39,0.0,0.0,0.0,0.0,0.0,0.0,0.0,0.0,0.0,114.08747010999522,30.015015015015017,72.05124256250512,0.5942026141954841,80.6138498998398
154,George Munsey,Scotland,Opening Batter,Batsman,3.0,121.0,106.0,16.0,0.0,40.33,114.15,0.0,0.0,0.0,0.0,0.0,0.0,0.0,0.0,0.0,117.39377514423826,24.012012012012015,70.70289357812514,0.6747886402094627,80.24479546141663
129,Rohit Sharma,India,Top order Batter,Batsman,6.0,116.0,109.0,11.0,4.0,19.33,106.42,0.0,0.0,0.0,0.0,0.0,0.0,0.0,0.0,0.0,113.94601708320151,24.012012012012015,68.97901454760677,0.7686764775755103,79.58352373342362
106,Paul van Meekeren,Netherlands,Bowler,Bowling All-rounder,4.0,45.0,27.0,6.0,1.0,11.25,166.67,31.0,11.0,198.0,0.0,5.0,1.0,18.0,6.39,16.91,80.13333333333334,57.56516129032258,68.84924731182795,0.717313823799403,78.72655068281956
121,Iftikhar Ahmed,Pakistan,Middle order Batter,Batting All-rounder,7.0,114.0,93.0,6.0,6.0,16.29,122.58,3.5,1.0,28.0,0.0,0.0,0.0,28.0,8.0,21.0,108.92390492359931,27.282857142857143,68.10338103322823,0.7159942221651084,77.85570649916828
99,Colin Ackermann,Netherlands,Batting Allrounder,Batting All-rounder,8.0,165.0,149.0,13.0,4.0,20.62,110.74,7.0,1.0,37.0,0.0,0.0,0.0,37.0,5.29,42.0,118.3748322147651,33.848571428571425,76.11170182166826,0.1047807117781505,77.70670947997242
120,Shan Masood,Pakistan,Opening Batter,Batsman,7.0,175.0,148.0,12.0,1.0,25.0,118.24,0.0,0.0,0.0,0.0,0.0,0.0,0.0,0.0,0.0,130.8653281853282,24.012012012012015,77.4386700986701,0.0170795326356043,77.7031933573117
23,Charith Asalanka,Sri Lanka,Batting Allrounder,Batsman,7.0,131.0,113.0,9.0,2.0,18.71,115.93,1.0,0.0,8.0,0.0,0.0,0.0,0.0,8.0,0.0,106.33045261095724,30.376516516516517,68.35348456373688,0.6599975313504084,77.3761107779898
175,Devon Conway,New Zealand,Wicketkeeper Batter,Batsman,5.0,145.0,124.0,12.0,2.0,29.0,116.94,0.0,0.0,0.0,0.0,0.0,0.0,0.0,0.0,0.0,112.95678531701894,27.013513513513516,69.98514941526622,0.4604616511724723,76.43024490672735
26,Mitchell Marsh,Australia,Allrounder,Batsman,4.0,106.0,81.0,8.0,6.0,26.5,130.86,1.0,0.0,14.0,0.0,0.0,0.0,0.0,14.0,0.0,103.3909620312136,25.815015015015017,64.6029885231143,0.8966655312022901,76.18844312738105
65,Rashid Khan,Afghanistan,Bowling Allrounder,Bits and Pieces,3.0,57.0,32.0,4.0,4.0,19.0,178.12,12.0,4.0,77.0,0.0,2.0,0.0,19.25,6.42,18.0,98.46236842105263,39.49916666666667,68.98076754385966,0.4714120281900346,75.48444025065089
184,Mitchell Santner,New Zealand,Bowling Allrounder,Bowling All-rounder,3.0,27.0,16.0,0.0,2.0,9.0,168.75,20.0,9.0,129.0,0.0,0.0,0.0,14.33,6.45,13.33,80.03999999999999,51.909,65.97449999999999,0.6984604082636477,75.190615240998
126,Shaheen Shah Afridi,Pakistan,Bowler,Bowling All-rounder,3.0,22.0,12.0,2.0,1.0,7.33,183.33,25.1,11.0,155.0,0.0,2.0,0.0,14.09,6.18,13.69,79.21939393939394,60.29163346613545,69.75551370276469,0.3330104866987787,74.40137721638088
39,Sean Williams,Zimbabwe,Middle order Batter,Batting All-rounder,8.0,155.0,137.0,14.0,2.0,19.38,113.14,18.0,5.0,111.0,0.0,4.0,1.0,22.2,6.17,21.6,115.40844125264894,32.71,74.05922062632447,0.0028599890613882,74.10158233850171
110,Brandon King,West Indies,Top order Batter,Batsman,2.0,79.0,63.0,9.0,1.0,39.5,125.4,0.0,0.0,0.0,0.0,0.0,0.0,0.0,0.0,0.0,107.7697166968053,24.012012012012015,65.89086435440866,0.6133702487342455,73.97396352608428
25,Aaron Finch,Australia,Top order Batter,Batsman,3.0,107.0,97.0,6.0,5.0,35.67,110.31,0.0,0.0,0.0,0.0,0.0,0.0,0.0,0.0,0.0,109.63667790731286,24.012012012012015,66.82434495966244,0.5242836800402454,73.83132765800856
38,Wessly Madhevere,Zimbabwe,Allrounder,Batsman,8.0,106.0,83.0,15.0,2.0,13.25,127.71,3.0,0.0,25.0,0.0,0.0,0.0,0.0,8.33,0.0,103.26169583996362,27.515015015015017,65.38835542748932,0.5893361643952992,73.09549994423993
76,Chris Woakes,England,Allrounder,Bits and Pieces,1.0,5.0,3.0,1.0,0.0,5.0,166.67,20.0,5.0,172.0,0.0,9.0,0.0,34.4,8.6,24.0,92.16666666666667,33.545,62.85583333333334,0.7888754713713645,72.77291836318798
81,Muhammad Waseem,U.A.E.,Opening Batter,Bits and Pieces,3.0,93.0,92.0,2.0,5.0,31.0,101.09,2.0,1.0,16.0,0.0,0.0,0.0,16.0,8.0,12.0,96.71141654978962,24.68,60.69570827489481,0.9826895439381274,72.62471585162642
178,James Neesham,New Zealand,Batting Allrounder,Batsman,5.0,53.0,37.0,2.0,2.0,10.6,143.24,0.0,0.0,0.0,0.0,0.0,0.0,0.0,0.0,0.0,92.96985721570627,33.01651651651652,62.993186866111394,0.7301236899031314,72.19175047279994
218,Regis Chakabva,Zimbabwe,Wicketkeeper Batter,Batsman,1.0,13.0,9.0,3.0,0.0,13.0,144.44,0.0,0.0,0.0,0.0,0.0,0.0,0.0,0.0,0.0,98.30709401709403,27.013513513513516,62.66030376530377,0.7152322703274333,71.62363802959673
183,Tim Southee,New Zealand,Bowler,Bowling All-rounder,2.0,5.0,3.0,1.0,0.0,2.5,166.67,17.2,7.0,114.0,1.0,3.0,0.0,16.29,6.63,14.74,73.73333333333333,53.43488372093023,63.58410852713178,0.6258483855412228,71.54291086068845
85,Basil Hameed,U.A.E.,Middle order Batter,Bits and Pieces,3.0,31.0,24.0,3.0,2.0,10.33,129.17,5.0,3.0,37.0,0.0,0.0,0.0,12.33,7.4,10.0,92.61172043010754,31.752000000000002,62.181860215053774,0.74460771448848,71.44207877852844
209,Gulbadin Naib,Afghanistan,Batting Allrounder,Batsman,2.0,51.0,37.0,3.0,2.0,25.5,137.84,4.0,0.0,43.0,0.0,0.0,0.0,0.0,10.75,0.0,93.00806041335454,29.46901651651652,61.23853846493553,0.8252816758308972,71.34634719489091
98,Bas de Leede,Netherlands,Batting Allrounder,Bowling All-rounder,8.0,93.0,117.0,7.0,1.0,11.62,79.49,22.0,13.0,169.0,0.0,7.0,2.0,13.0,7.68,10.15,77.72887510339125,55.74,66.73443755169562,0.3127945379002229,70.9092710628984
73,Liam Livingstone,England,Batting Allrounder,Bits and Pieces,5.0,55.0,44.0,4.0,1.0,11.0,125.0,12.0,3.0,96.0,0.0,1.0,0.0,32.0,8.0,24.0,86.35000000000001,37.0975,61.72375,0.7385816862515008,70.84135627135322
72,Ben Stokes,England,Allrounder,All-rounder,5.0,110.0,104.0,7.0,1.0,22.0,105.77,16.2,6.0,111.0,0.0,3.0,1.0,18.5,6.85,16.2,84.58041958041959,38.870370370370374,61.72539497539498,0.7011718879193358,70.38141732088786
144,Afif Hossain,Bangladesh,Allrounder,Bits and Pieces,5.0,95.0,76.0,6.0,3.0,19.0,125.0,1.0,1.0,11.0,0.0,0.0,0.0,11.0,11.0,6.0,91.76315789473685,31.2,61.481578947368426,0.7181696547857194,70.31241981303094
137,Arshdeep Singh,India,Bowler,Bowling All-rounder,1.0,2.0,1.0,0.0,0.0,2.0,200.0,20.0,10.0,156.0,0.0,6.0,1.0,15.6,7.8,12.0,64.48,54.492,59.486000000000004,0.8983395176239626,70.17372490907582
7,David Wiese,Namibia,Allrounder,Bits and Pieces,3.0,66.0,42.0,4.0,3.0,22.0,157.14,10.3,3.0,65.0,0.0,1.0,0.0,21.67,6.31,20.6,98.11168831168831,34.33495145631068,66.2233198839995,0.2967982848523047,70.15431343575881
50,Gareth Delany,Ireland,Batting Allrounder,Bowling All-rounder,5.0,69.0,54.0,7.0,1.0,13.8,127.78,23.3,6.0,185.0,0.0,8.0,0.0,30.83,7.94,23.3,95.25309178743963,39.88798283261803,67.57053731002883,0.1452446828302062,69.53338956208117
8,JJ Smit,Namibia,Bowling Allrounder,Bits and Pieces,3.0,39.0,23.0,3.0,2.0,13.0,169.57,11.0,3.0,79.0,0.0,1.0,0.0,26.33,7.18,22.0,88.18886287625419,37.43000000000001,62.8094314381271,0.5220734485957028,69.36765873317476
6,Jan Frylinck,Namibia,Allrounder,Batting All-rounder,3.0,101.0,93.0,6.0,1.0,33.67,108.6,11.0,3.0,72.0,1.0,2.0,0.0,24.0,6.55,22.0,82.65175130416267,36.71818181818182,59.684966561172246,0.7946723541462042,69.1709651380331
188,Stephan Myburgh,Netherlands,Opening Batter,Batsman,3.0,51.0,48.0,8.0,1.0,17.0,106.25,0.0,0.0,0.0,0.0,0.0,0.0,0.0,0.0,0.0,96.18352941176471,24.012012012012015,60.09777071188836,0.7086945277037742,68.61596295803064
127,Haris Rauf,Pakistan,Bowler,Bowling All-rounder,3.0,10.0,7.0,0.0,1.0,3.33,142.86,26.0,8.0,178.0,1.0,3.0,0.0,22.25,6.85,19.5,62.51428571428571,55.45846153846154,58.98637362637363,0.7948194773288844,68.36307735742174
75,Moeen Ali,England,Batting Allrounder,Batsman,5.0,57.0,46.0,6.0,1.0,11.4,123.91,2.0,0.0,9.0,0.0,0.0,0.0,0.0,4.5,0.0,90.70016018306636,31.53151651651652,61.11583834979144,0.575166650422108,68.14619675606914
202,Heinrich Klaasen,South Africa,Wicketkeeper Batter,Batsman,2.0,36.0,27.0,3.0,1.0,18.0,133.33,0.0,0.0,0.0,0.0,0.0,0.0,0.0,0.0,0.0,87.04666666666667,27.013513513513516,57.03009009009009,0.939758077475425,67.74898765435277
59,Rahmanullah Gurbaz,Afghanistan,Wicketkeeper Batter,Batsman,3.0,68.0,50.0,4.0,5.0,22.67,136.0,0.0,0.0,0.0,0.0,0.0,0.0,0.0,0.0,0.0,104.60352941176471,27.013513513513516,65.8085214626391,0.0855466867231097,66.93446165649418
24,David Warner,Australia,Opening Batter,Batsman,4.0,44.0,41.0,6.0,0.0,11.0,107.32,0.0,0.0,0.0,0.0,0.0,0.0,0.0,0.0,0.0,86.98855875831487,24.012012012012015,55.50028538516344,0.9989387492162638,66.5885625179236
124,Mohammad Nawaz,Pakistan,Allrounder,Bits and Pieces,5.0,68.0,64.0,7.0,2.0,13.6,106.25,9.0,3.0,67.0,0.0,2.0,1.0,22.33,7.44,18.0,80.54705882352941,33.099999999999994,56.8235294117647,0.7922167710550491,65.82684000987267
141,Soumya Sarkar,Bangladesh,Middle order Batter,Bits and Pieces,4.0,49.0,39.0,3.0,3.0,12.25,125.64,3.0,1.0,29.0,0.0,1.0,0.0,29.0,9.67,18.0,91.65613291470434,26.49,59.07306645735217,0.551002041145432,65.58294249629633
152,Mustafizur Rahman,Bangladesh,Bowler,Bits and Pieces,2.0,9.0,4.0,0.0,1.0,4.5,225.0,20.0,3.0,112.0,0.0,2.0,0.0,37.33,5.6,40.0,90.16000000000001,40.434,65.297,0.0138327233802514,65.47764706771206
37,Craig Ervine,Zimbabwe,Middle order Batter,Batsman,7.0,112.0,125.0,13.0,0.0,16.0,89.6,0.0,0.0,0.0,0.0,0.0,0.0,0.0,0.0,0.0,91.7054285714286,27.013513513513516,59.35947104247106,0.4813699387578865,65.07424403055403
191,Daryl Mitchell,New Zealand,Allrounder,Batsman,4.0,109.0,85.0,5.0,1.0,27.25,128.24,0.0,0.0,0.0,0.0,0.0,0.0,0.0,0.0,0.0,91.15008094981113,30.015015015015017,60.582547982413075,0.3160038210215707,64.41141131234612
108,Johnson Charles,West Indies,Wicketkeeper Batter,Batsman,2.0,69.0,54.0,6.0,3.0,34.5,127.78,0.0,0.0,0.0,0.0,0.0,0.0,0.0,0.0,0.0,99.07917874396136,27.013513513513516,63.04634612873744,0.0764055625503272,64.0097644372792
15,Wanindu Hasaranga de Silva,Sri Lanka,Allrounder,Bowling All-rounder,6.0,25.0,34.0,2.0,0.0,4.17,73.53,31.0,15.0,199.0,1.0,0.0,0.0,13.27,6.42,12.4,46.51176470588236,62.28387096774193,54.397817836812145,0.8797299051000116,63.96889526145744
119,Babar Azam,Pakistan,Batter,Batsman,7.0,124.0,133.0,13.0,0.0,17.71,93.23,0.0,0.0,0.0,0.0,0.0,0.0,0.0,0.0,0.0,87.07387824399709,30.015015015015017,58.544446629506055,0.4125254911516881,63.37466194951421
78,Sam Curran,England,Allrounder,Bowling All-rounder,2.0,12.0,14.0,0.0,1.0,6.0,85.71,22.4,13.0,148.0,0.0,3.0,0.0,11.38,6.61,10.34,52.885714285714286,53.96875,53.42723214285714,0.9052548220419908,63.1002840479928
60,Ibrahim Zadran,Afghanistan,Opening Batter,Batsman,3.0,80.0,83.0,6.0,2.0,26.67,96.39,0.0,0.0,0.0,0.0,0.0,0.0,0.0,0.0,0.0,91.26506024096385,24.012012012012015,57.638536126487935,0.416159051838464,62.43589583523919
112,Rovman Powell,West Indies,Middle order Batter,Batsman,3.0,39.0,35.0,2.0,2.0,13.0,111.43,0.0,0.0,0.0,0.0,0.0,0.0,0.0,0.0,0.0,78.82164835164836,27.013513513513516,52.91758093258094,0.8976054643440758,62.41740289357184
100,Tom Cooper,Netherlands,Middle order Batter,Batsman,8.0,107.0,103.0,7.0,3.0,13.38,103.88,0.0,0.0,0.0,0.0,0.0,0.0,0.0,0.0,0.0,95.20565375192815,27.013513513513516,61.109583632720835,0.0922019492730034,62.236468178760525
172,Anrich Nortje,South Africa,Bowler,Bowling All-rounder,2.0,5.0,6.0,1.0,0.0,2.5,83.33,17.3,11.0,94.0,0.0,0.0,1.0,8.55,5.43,9.44,47.06666666666667,61.751445086705196,54.40905587668593,0.7101599555865196,62.13688241766429
204,Fakhar Zaman,Pakistan,Opening Batter,Batsman,1.0,20.0,16.0,3.0,0.0,20.0,125.0,0.0,0.0,0.0,0.0,0.0,0.0,0.0,0.0,0.0,88.8,24.012012012012015,56.40600600600601,0.4594067542277149,61.58866603363965
107,Kyle Mayers,West Indies,Batting Allrounder,Batsman,3.0,34.0,30.0,5.0,1.0,11.33,113.33,3.0,0.0,41.0,0.0,3.0,0.0,0.0,13.67,0.0,86.32196078431375,26.856516516516518,56.58923865041513,0.4338211765201301,61.499160668355444
157,Richie Berrington,Scotland,Top order Batter,Batsman,3.0,66.0,56.0,3.0,2.0,22.0,117.86,0.0,0.0,0.0,0.0,0.0,0.0,0.0,0.0,0.0,93.42233766233767,24.012012012012015,58.71717483717484,0.2352167437052746,61.47942737012954
42,Ryan Burl,Zimbabwe,Middle order Batter,Batsman,7.0,101.0,97.0,11.0,2.0,14.43,104.12,5.0,0.0,48.0,0.0,0.0,0.0,0.0,9.6,0.0,97.44146269266103,24.421513513513517,60.931488103087275,0.0127326542044807,61.08665201672348
117,Jason Holder,West Indies,Bowling Allrounder,Bits and Pieces,2.0,42.0,36.0,4.0,1.0,21.0,116.67,10.2,5.0,49.0,0.0,0.0,0.0,9.8,4.8,12.24,67.48285714285716,43.76274509803922,55.62280112044819,0.4889352644028145,61.06199091497849
196,David Miller,South Africa,Middle order Batter,Batsman,3.0,78.0,67.0,5.0,3.0,26.0,116.42,0.0,0.0,0.0,0.0,0.0,0.0,0.0,0.0,0.0,93.04080367393802,27.013513513513516,60.027158593725765,0.0841321377034132,61.03720122827616
49,George Dockrell,Ireland,Allrounder,Bits and Pieces,6.0,100.0,83.0,10.0,1.0,16.67,120.48,8.0,1.0,56.0,0.0,2.0,0.0,56.0,7.0,48.0,91.99277108433735,29.2125,60.60263554216867,0.0047098450990891,60.6597213473687
61,Usman Ghani,Afghanistan,Opening Batter,Batsman,3.0,59.0,64.0,5.0,1.0,19.67,92.19,0.0,0.0,0.0,0.0,0.0,0.0,0.0,0.0,0.0,81.354406779661,24.012012012012015,52.68320939583651,0.754878250027212,60.63709117874576
156,Matthew Cross,Scotland,Wicketkeeper Batter,Batsman,3.0,32.0,33.0,5.0,0.0,10.67,96.97,0.0,0.0,0.0,0.0,0.0,0.0,0.0,0.0,0.0,73.85166666666667,27.013513513513516,50.432590090090095,0.9559281592999008,60.07457669279935
167,Temba Bavuma,South Africa,Middle order Batter,Batsman,5.0,70.0,62.0,6.0,2.0,14.0,112.9,0.0,0.0,0.0,0.0,0.0,0.0,0.0,0.0,0.0,89.7488479262673,27.013513513513516,58.38118071989041,0.1322054340029135,59.924842586825534
101,Scott Edwards,Netherlands,Wicketkeeper Batter,Batsman,8.0,91.0,104.0,8.0,0.0,11.38,87.5,0.0,0.0,0.0,0.0,0.0,0.0,0.0,0.0,0.0,80.1343956043956,27.013513513513516,53.57395455895456,0.5513769579515738,59.481843376985005
43,Luke Jongwe,Zimbabwe,Bowler,Bits and Pieces,4.0,55.0,41.0,6.0,1.0,13.75,134.15,5.0,2.0,59.0,0.0,3.0,1.0,29.5,11.8,15.0,69.21773835920179,35.352,52.28486917960089,0.6727844616849517,59.320158692654076
179,Tim David,Australia,Middle order Batter,Batsman,2.0,26.0,18.0,2.0,1.0,13.0,144.44,0.0,0.0,0.0,0.0,0.0,0.0,0.0,0.0,0.0,89.90478632478633,27.013513513513516,58.45914991914992,0.0224869259447383,58.722063234154774
147,Mosaddek Hossain,Bangladesh,Middle order Batter,Bits and Pieces,5.0,38.0,39.0,2.0,2.0,7.6,97.44,7.0,2.0,64.0,0.0,0.0,2.0,32.0,9.14,21.0,72.78021592442646,27.874285714285715,50.32725081935609,0.7949956997668495,58.32924041585124
159,Michael Leask,Scotland,Allrounder,Bits and Pieces,3.0,33.0,28.0,4.0,0.0,11.0,117.86,10.0,4.0,67.0,0.0,1.0,0.0,16.75,6.7,15.0,71.58831168831169,36.489999999999995,54.03915584415584,0.3930766126624841,58.28746151022801
135,Ravichandran Ashwin,India,Bowling Allrounder,Bowling All-rounder,4.0,21.0,18.0,1.0,1.0,5.25,116.67,19.0,6.0,155.0,0.0,5.0,0.0,25.83,8.16,19.0,60.52714285714286,41.62631578947368,51.07672932330827,0.6221578662733372,57.43228710971032
203,Brad Evans,Zimbabwe,Allrounder,Bits and Pieces,2.0,21.0,17.0,0.0,1.0,10.5,123.53,7.0,2.0,57.0,0.0,1.0,0.0,28.5,8.14,21.0,64.28319327731093,31.771428571428572,48.02731092436975,0.977260055551611,57.414345432758566
96,Vikramjit Singh,Netherlands,Opening Batter,Batsman,5.0,57.0,62.0,5.0,2.0,11.4,91.94,0.0,0.0,0.0,0.0,0.0,0.0,0.0,0.0,0.0,84.85955857385399,24.012012012012015,54.435785292933005,0.2543553885486157,57.20499235675961
83,Chundangapoyil Rizwan,U.A.E.,Middle order Batter,Batsman,3.0,45.0,34.0,3.0,1.0,15.0,132.35,0.0,0.0,0.0,0.0,0.0,0.0,0.0,0.0,0.0,86.28529411764706,27.013513513513516,56.649403815580285,0.0160134330570541,56.83083410272484
14,Dasun Shanaka,Sri Lanka,Allrounder,Batsman,7.0,78.0,74.0,6.0,3.0,11.14,105.41,0.0,0.0,0.0,0.0,0.0,0.0,0.0,0.0,0.0,81.71600831600831,30.015015015015017,55.86551166551166,0.0784497337244206,56.74203856841924
206,Steven Smith,Australia,Middle order Batter,Batsman,1.0,4.0,4.0,1.0,0.0,4.0,100.0,0.0,0.0,0.0,0.0,0.0,0.0,0.0,0.0,0.0,78.32000000000001,27.013513513513516,52.66675675675676,0.3686136185944952,56.5494935143056
197,Tristan Stubbs,South Africa,Wicketkeeper Batter,Batsman,3.0,31.0,31.0,2.0,1.0,10.33,100.0,0.0,0.0,0.0,0.0,0.0,0.0,0.0,0.0,0.0,69.13322580645162,27.013513513513516,48.07336965998257,0.8699701502158003,56.43784898487751
180,Matthew Wade,Australia,Wicketkeeper Batter,Batsman,2.0,9.0,7.0,1.0,0.0,4.5,128.57,0.0,0.0,0.0,0.0,0.0,0.0,0.0,0.0,0.0,74.20809523809525,27.013513513513516,50.610804375804385,0.5694283425188427,56.37464966565632
53,Barry McCarthy,Ireland,Bowler,Bits and Pieces,5.0,36.0,33.0,1.0,2.0,7.2,109.09,25.0,5.0,227.0,0.0,8.0,1.0,45.4,9.08,30.0,54.21575757575758,39.9312,47.073478787878784,0.9788005627993732,56.28858829397881
47,Harry Tector,Ireland,Middle order Batter,Batsman,6.0,68.0,75.0,4.0,1.0,11.33,90.67,0.0,0.0,0.0,0.0,0.0,0.0,0.0,0.0,0.0,73.00980392156863,27.013513513513516,50.011658717541074,0.5467495466719238,55.48042906396639
158,Calum MacLeod,Scotland,Top order Batter,Batsman,3.0,48.0,43.0,5.0,0.0,16.0,111.63,1.0,0.0,11.0,0.0,0.0,0.0,0.0,11.0,0.0,85.8613953488372,21.372012012012014,53.61670368042461,0.1102065114742338,54.79848565429806
55,Richard Ngarava,Zimbabwe,Bowler,Bowling All-rounder,5.0,21.0,20.0,0.0,2.0,4.2,105.0,28.0,9.0,197.0,1.0,7.0,3.0,21.89,7.04,18.67,52.35428571428571,53.631428571428565,52.99285714285713,0.1686927266531718,54.780759055771256
148,Taskin Ahmed,Bangladesh,Bowler,Bowling All-rounder,4.0,23.0,30.0,2.0,1.0,5.75,76.67,18.0,8.0,131.0,1.0,0.0,4.0,16.38,7.28,13.5,44.66202898550725,55.11333333333333,49.88768115942029,0.4841403563893115,54.7182091066119
19,Maheesh Theekshana,Sri Lanka,Bowler,Bowling All-rounder,3.0,11.0,14.0,0.0,1.0,3.67,78.57,30.1,9.0,202.0,0.0,8.0,1.0,22.44,6.71,20.07,40.87376623376623,50.68106312292359,45.77741467834491,0.9379951041045784,54.36521284771543
41,Milton Shumba,Zimbabwe,Top order Batter,Batsman,7.0,65.0,82.0,5.0,0.0,9.29,79.27,0.0,0.0,0.0,0.0,0.0,0.0,0.0,0.0,0.0,72.52570356472795,24.012012012012015,48.268857788369985,0.5776706112011523,53.84555790448782
216,Phil Salt,England,Wicketkeeper Batter,Batsman,1.0,10.0,9.0,2.0,0.0,10.0,111.11,0.0,0.0,0.0,0.0,0.0,0.0,0.0,0.0,0.0,78.5888888888889,27.013513513513516,52.80120120120121,0.0508639990985838,53.33833725126161
30,Pat Cummins,Australia,Bowler,Bits and Pieces,2.0,21.0,20.0,2.0,1.0,10.5,105.0,16.0,3.0,132.0,0.0,5.0,0.0,44.0,8.25,32.0,54.64,37.7925,46.21625,0.7666679776771486,53.30275378466431
109,Evin Lewis,West Indies,Opening Batter,Batsman,3.0,42.0,49.0,2.0,1.0,14.0,85.71,0.0,0.0,0.0,0.0,0.0,0.0,0.0,0.0,0.0,68.26285714285714,24.012012012012015,46.137434577434576,0.7722353928956308,53.2632265610549
34,Lahiru Kumara,Sri Lanka,Bowler,Bowling All-rounder,1.0,4.0,5.0,1.0,0.0,4.0,80.0,19.7,7.0,153.0,0.0,10.0,2.0,21.86,7.77,16.89,50.56,43.87005076142132,47.21502538071066,0.6180382354604996,53.05116357541408
205,Cameron Green,Australia,Batting Allrounder,Batsman,1.0,3.0,2.0,0.0,0.0,3.0,150.0,2.0,0.0,13.0,0.0,0.0,0.0,0.0,6.5,0.0,66.99000000000001,30.87151651651652,48.930758258258265,0.4046058194400029,52.89029216643892
153,Fionn Hand,Ireland,Bowling Allrounder,Bits and Pieces,3.0,12.0,11.0,2.0,0.0,4.0,109.09,5.0,1.0,54.0,0.0,5.0,0.0,54.0,10.8,30.0,60.51272727272726,29.436000000000003,44.974363636363634,0.8651909239893198,52.75664588243906
150,Shariz Ahmad,Netherlands,Bowler,Bits and Pieces,2.0,25.0,19.0,3.0,0.0,12.5,131.58,4.0,1.0,32.0,0.0,0.0,0.0,32.0,8.0,24.0,59.62526315789475,36.269999999999996,47.94763157894737,0.4765116041333637,52.517152146563326
88,Junaid Siddique,U.A.E.,Bowler,Bits and Pieces,2.0,18.0,17.0,1.0,1.0,9.0,105.88,12.0,4.0,95.0,0.0,5.0,0.0,23.75,7.92,18.0,51.53568627450982,40.74999999999999,46.14284313725491,0.6678520721492324,52.30616181806944
3,Jan Nicol Loftie-Eaton,Namibia,Batter,Batsman,3.0,21.0,20.0,1.0,2.0,7.0,105.0,1.0,0.0,8.0,0.0,0.0,1.0,0.0,8.0,0.0,71.15714285714286,27.115015015015015,49.13607893607894,0.3186026759573747,52.26705618309644
146,Nurul Hasan,Bangladesh,Wicketkeeper Batter,Batsman,5.0,41.0,42.0,2.0,1.0,8.2,97.62,0.0,0.0,0.0,0.0,0.0,0.0,0.0,0.0,0.0,67.75067363530779,27.013513513513516,47.38209357441065,0.5052744707546162,52.17028602522186
103,Tim Pringle,Netherlands,Allrounder,Bits and Pieces,6.0,51.0,58.0,1.0,1.0,8.5,87.93,17.0,3.0,102.0,0.0,0.0,0.0,34.0,6.0,34.0,56.35476673427992,34.641176470588235,45.49797160243408,0.7155036528115012,52.008764577845184
54,Josh Little,Ireland,Bowler,Bowling All-rounder,4.0,16.0,21.0,1.0,1.0,4.0,76.19,27.0,11.0,189.0,0.0,8.0,0.0,17.18,7.0,14.73,43.22095238095238,56.30222222222222,49.7615873015873,0.1213000071385799,50.968803480569214
62,Najibullah Zadran,Afghanistan,Middle order Batter,Batsman,3.0,31.0,29.0,1.0,1.0,10.33,106.9,0.0,0.0,0.0,0.0,0.0,0.0,0.0,0.0,0.0,67.90964404894328,27.013513513513516,47.4615787812284,0.3285209975919934,50.580003822928425
210,Darwish Rasooli,Afghanistan,Top order Batter,Batsman,1.0,15.0,13.0,1.0,0.0,15.0,115.38,0.0,0.0,0.0,0.0,0.0,0.0,0.0,0.0,0.0,70.38461538461539,24.012012012012015,47.1983136983137,0.351437783696268,50.51576785038101
71,Dawid Malan,England,Top order Batter,Batsman,3.0,56.0,68.0,2.0,0.0,18.67,82.35,0.0,0.0,0.0,0.0,0.0,0.0,0.0,0.0,0.0,64.83226890756302,24.012012012012015,44.422140459787514,0.6749939025800814,50.41907524977001
212,Rishabh Pant,India,Wicketkeeper Batter,Batsman,2.0,9.0,9.0,1.0,0.0,4.5,100.0,0.0,0.0,0.0,0.0,0.0,0.0,0.0,0.0,0.0,61.63666666666667,27.013513513513516,44.32509009009009,0.5617096770432095,49.30465649797323
115,Akeal Hosein,West Indies,Bowler,Bits and Pieces,2.0,24.0,19.0,2.0,0.0,12.0,126.32,12.0,2.0,94.0,0.0,1.0,1.0,47.0,7.83,36.0,54.18105263157895,37.28,45.730526315789476,0.3713705622626204,49.12712056988154
200,Mohammad Wasim,Pakistan,Allrounder,Bowling All-rounder,3.0,16.0,22.0,2.0,0.0,5.33,72.73,17.0,8.0,124.0,0.0,8.0,0.0,15.5,7.29,12.75,48.89090909090909,40.98823529411764,44.93957219251337,0.4543502578004291,49.02323343473525
113,Odean Smith,West Indies,Bowling Allrounder,Bits and Pieces,3.0,25.0,22.0,1.0,2.0,8.33,113.64,9.0,2.0,85.0,0.0,2.0,2.0,42.5,9.44,27.0,64.93909090909091,32.69444444444445,48.81676767676768,0.0098793303084443,48.913223071261555
4,Stephan Baard,Namibia,Batter,Batsman,3.0,49.0,52.0,3.0,0.0,16.33,94.23,0.0,0.0,0.0,0.0,0.0,0.0,0.0,0.0,0.0,59.73924646781789,30.015015015015017,44.87713074141645,0.4218275230255307,48.66321252164537
1,Michael van Lingen,Namibia,Bowling Allrounder,Batsman,3.0,33.0,33.0,4.0,0.0,11.0,100.0,0.0,0.0,0.0,0.0,0.0,0.0,0.0,0.0,0.0,58.0009090909091,33.01651651651652,45.50871280371281,0.3068238186799104,48.30134421284131
160,Chris Greaves,Scotland,Bowler,Batsman,2.0,19.0,18.0,2.0,0.0,9.5,105.56,2.0,0.0,18.0,0.0,1.0,0.0,0.0,9.0,0.0,48.44304093567252,32.17801801801802,40.310529476845275,0.9721687457473762,48.14825685322874
139,Naseem Shah,Pakistan,Bowler,Bits and Pieces,1.0,5.0,3.0,0.0,0.0,5.0,166.67,26.0,3.0,162.0,0.0,4.0,0.0,54.0,6.23,52.0,54.53333333333334,38.903076923076924,46.71820512820513,0.1382937424690732,48.0103722139286
74,Harry Brook,England,Batter,Batsman,5.0,56.0,58.0,2.0,1.0,11.2,96.55,0.0,0.0,0.0,0.0,0.0,0.0,0.0,0.0,0.0,62.92068965517241,30.015015015015017,46.46785233509371,0.1630433137660275,47.98310686075453
5,Gerhard Erasmus,Namibia,Allrounder,Batsman,3.0,52.0,60.0,2.0,0.0,17.33,86.67,0.0,0.0,0.0,0.0,0.0,0.0,0.0,0.0,0.0,54.882051282051286,30.015015015015017,42.44853314853315,0.6501682407308114,47.96827077229022
143,Shakib Al Hasan,Bangladesh,Allrounder,Batsman,5.0,44.0,46.0,3.0,0.0,8.8,95.65,0.0,0.0,0.0,0.0,0.0,0.0,0.0,0.0,0.0,59.64268774703558,30.015015015015017,44.8288513810253,0.3455116689989422,47.926629633018024
2,Divan la Cock,Namibia,Opening Batter,Batsman,2.0,9.0,11.0,1.0,0.0,4.5,81.82,0.0,0.0,0.0,0.0,0.0,0.0,0.0,0.0,0.0,58.512727272727275,24.012012012012015,41.26236964236965,0.762093058153564,47.5515227358529
93,Chirag Suri,U.A.E.,Opening Batter,Batsman,2.0,26.0,39.0,4.0,0.0,13.0,66.67,0.0,0.0,0.0,0.0,0.0,0.0,0.0,0.0,0.0,63.513846153846146,24.012012012012015,43.76292908292908,0.4030240878510226,47.29043199799637
207,Matthew Wade,Australia,Wicketkeeper Batter,Batsman,1.0,6.0,8.0,1.0,0.0,6.0,75.0,0.0,0.0,0.0,0.0,0.0,0.0,0.0,0.0,0.0,56.980000000000004,27.013513513513516,41.99675675675676,0.6070063166876133,47.09521608310567
105,Fred Klaassen,Netherlands,Bowler,Bowling All-rounder,4.0,10.0,11.0,0.0,0.0,2.5,90.91,30.0,8.0,191.0,0.0,10.0,0.0,23.88,6.37,22.5,31.490909090909096,47.708,39.59945454545455,0.9379096049928468,47.02759629958644
16,Chamika Karunaratne,Sri Lanka,Bowling Allrounder,Bits and Pieces,6.0,32.0,38.0,3.0,0.0,5.33,84.21,18.0,3.0,144.0,0.0,4.0,0.0,48.0,8.0,36.0,49.08078947368421,35.218333333333334,42.14956140350877,0.57575079850053,47.003090130412225
171,Keshav Maharaj,South Africa,Bowler,Bits and Pieces,1.0,13.0,12.0,0.0,1.0,13.0,108.33,12.0,3.0,89.0,0.0,0.0,0.0,29.67,7.42,24.0,48.86358974358975,41.279999999999994,45.07179487179487,0.1768161996865436,46.66567956825131
52,Simi Singh,Ireland,Bowling Allrounder,Bits and Pieces,2.0,7.0,9.0,1.0,0.0,3.5,77.78,9.0,3.0,78.0,0.0,1.0,0.0,26.0,8.67,18.0,45.31857142857143,37.10666666666667,41.21261904761905,0.6608214878947144,46.65945589543618
198,Nasum Ahmed,Bangladesh,Bowler,Bits and Pieces,1.0,7.0,6.0,1.0,0.0,7.0,116.67,4.0,1.0,14.0,0.0,2.0,0.0,14.0,3.5,24.0,52.727619047619044,36.69,44.70880952380952,0.1306379154590139,45.87694265957844
63,Mohammad Nabi,Afghanistan,Allrounder,Batsman,3.0,17.0,15.0,1.0,0.0,5.67,113.33,0.0,0.0,0.0,0.0,0.0,0.0,0.0,0.0,0.0,57.4921568627451,30.015015015015017,43.75358593888006,0.216643760369811,45.64937421637259
213,Tony Munyonga,Zimbabwe,Allrounder,Batsman,2.0,7.0,10.0,1.0,0.0,3.5,70.0,0.0,0.0,0.0,0.0,0.0,0.0,0.0,0.0,0.0,47.24285714285714,30.015015015015017,38.62893607893608,0.8872479596319978,45.48362502269426
82,Vriitya Aravind,U.A.E.,Wicketkeeper,Batsman,3.0,48.0,71.0,3.0,0.0,16.0,67.61,0.0,0.0,0.0,0.0,0.0,0.0,0.0,0.0,0.0,48.94225352112676,30.015015015015017,39.47863426807089,0.7490659592703357,45.39305447780994
21,Bernard Scholtz,Namibia,Bowler,Bits and Pieces,1.0,1.0,1.0,0.0,0.0,1.0,100.0,12.0,4.0,61.0,0.0,0.0,0.0,15.25,5.08,18.0,32.24,44.77,38.505,0.8651115934525265,45.16722438117791
132,Axar Patel,India,Bowling Allrounder,Bits and Pieces,3.0,9.0,9.0,1.0,0.0,3.0,100.0,13.2,3.0,115.0,0.0,0.0,0.0,38.33,8.71,26.4,50.43,37.35,43.89,0.1340207293012314,45.06643396180621
64,Azmatullah Omarzai,Afghanistan,Allrounder,Batsman,2.0,11.0,10.0,1.0,0.0,5.5,110.0,3.1,0.0,28.0,0.0,4.0,0.0,0.0,9.03,0.0,58.20909090909092,25.305337595660177,41.75721425237555,0.3707181111225279,44.85324537105142
89,Zahoor Khan,U.A.E.,Bowler,Bits and Pieces,1.0,1.0,1.0,0.0,0.0,1.0,100.0,12.0,5.0,57.0,0.0,2.0,2.0,11.4,4.75,14.4,32.24,45.14,38.69,0.7417927480099195,44.429992284100756
215,Tabraiz Shamsi,South Africa,Bowler,Bits and Pieces,1.0,1.0,1.0,0.0,0.0,1.0,100.0,8.0,4.0,56.0,0.0,4.0,0.0,14.0,7.0,12.0,32.24,42.18,37.21,0.8915151378667432,43.8446556560043
92,Aayan Afzal Khan,U.A.E.,Bowling Allrounder,Bits and Pieces,2.0,24.0,28.0,1.0,0.0,12.0,85.71,8.0,2.0,38.0,0.0,0.0,0.0,19.0,4.75,24.0,41.83714285714285,36.52,39.17857142857143,0.4724767117041777,42.88076394813916
87,Ruben Trumpelmann,Namibia,Bowler,Batsman,1.0,25.0,24.0,1.0,1.0,25.0,104.17,4.0,0.0,22.0,0.0,3.0,0.0,0.0,5.5,0.0,48.93333333333334,32.23801801801802,40.585675675675674,0.2816480546894589,42.87185099613794
84,Alishan Sharafu,U.A.E.,Opening Batter,Batsman,1.0,4.0,4.0,0.0,0.0,4.0,100.0,0.0,0.0,0.0,0.0,0.0,0.0,0.0,0.0,0.0,49.440000000000005,24.012012012012015,36.72600600600601,0.7712123893412703,42.39071617457676
51,Mark Adair,Ireland,Bowling Allrounder,Bits and Pieces,5.0,28.0,31.0,1.0,1.0,5.6,90.32,24.0,4.0,212.0,0.0,17.0,0.0,53.0,8.83,36.0,49.718986175115205,29.993333333333336,39.85615975422427,0.2442579321732055,41.80319638741062
36,Regis Chakabva,Zimbabwe,Wicketkeeper Batter,Batsman,7.0,32.0,55.0,2.0,1.0,4.57,58.18,0.0,0.0,0.0,0.0,0.0,0.0,0.0,0.0,0.0,50.597500000000004,27.013513513513516,38.805506756756756,0.3414284866499578,41.45536784588559
164,Josh Davey,Scotland,Bowler,Bits and Pieces,1.0,4.0,3.0,0.0,0.0,4.0,133.33,10.0,3.0,96.0,0.0,2.0,1.0,32.0,9.6,20.0,43.626666666666665,38.844,41.23533333333333,0.0235807460419353,41.42980531799091
186,Ish Sodhi,New Zealand,Bowler,Bowling All-rounder,2.0,7.0,7.0,0.0,0.0,3.5,100.0,19.2,6.0,130.0,0.0,3.0,0.0,21.67,6.77,19.2,33.68,47.1,40.39,0.1159108374474054,41.32632774490014
111,Nicholas Pooran,West Indies,Wicketkeeper Batter,Batsman,3.0,25.0,29.0,0.0,1.0,8.33,86.21,0.0,0.0,0.0,0.0,0.0,0.0,0.0,0.0,0.0,54.10103448275862,27.013513513513516,40.55727399813607,0.0760209957430327,41.17391486892833
168,Kagiso Rabada,South Africa,Bowler,Bits and Pieces,2.0,10.0,10.0,0.0,0.0,5.0,100.0,16.0,2.0,151.0,0.0,2.0,0.0,75.5,9.44,48.0,34.4,36.5775,35.488749999999996,0.7472875313670905,40.79281007576076
56,Tendai Chatara,Zimbabwe,Bowler,Bits and Pieces,3.0,13.0,19.0,1.0,0.0,4.33,68.42,23.0,4.0,155.0,1.0,4.0,0.0,38.75,6.74,34.5,32.399352226720644,44.89565217391304,38.64750220031684,0.1737863491891169,39.990783862851124
17,Pramod Madushan,Sri Lanka,Bowler,Bits and Pieces,2.0,1.0,1.0,0.0,0.0,0.5,100.0,10.0,3.0,75.0,0.0,1.0,0.0,25.0,7.5,20.0,32.24,40.8,36.519999999999996,0.4274281692867951,39.641935348470746
136,Bhuvneshwar Kumar,India,Bowler,Bits and Pieces,1.0,4.0,6.0,0.0,0.0,4.0,66.67,18.4,4.0,115.0,3.0,5.0,0.0,28.75,6.25,27.6,22.293333333333333,51.802173913043475,37.047753623188406,0.3251536555478496,39.456996127271566
94,Kashif Daud,U.A.E.,Bowling Allrounder,Batsman,2.0,15.0,18.0,0.0,1.0,7.5,83.33,2.0,0.0,19.0,0.0,0.0,0.0,0.0,9.5,0.0,44.85,29.88151651651652,37.36575825825826,0.1536426908006163,38.513953386779086
18,Dushmantha Chameera,Sri Lanka,Bowler,Bits and Pieces,2.0,9.0,16.0,0.0,0.0,4.5,56.25,7.5,4.0,54.0,0.0,2.0,0.0,13.5,7.2,11.25,20.16,43.407999999999994,31.784,0.9797047476996876,38.011787140177375
29,Josh Hazlewood,Australia,Bowler,Bits and Pieces,1.0,1.0,1.0,0.0,0.0,1.0,100.0,15.0,5.0,124.0,0.0,5.0,0.0,24.8,8.27,18.0,32.24,43.023999999999994,37.632,0.0090667504251761,37.70023999040004
57,Blessing Muzarabani,Zimbabwe,Bowler,Bowling All-rounder,4.0,2.0,12.0,0.0,0.0,0.5,16.67,26.0,12.0,199.0,0.0,4.0,4.0,16.58,7.65,13.0,5.813333333333333,58.62923076923076,32.221282051282046,0.6911415663370111,36.67517552054399
219,Mehidy Hasan Miraz,Bangladesh,Allrounder,Batsman,1.0,11.0,13.0,0.0,0.0,11.0,84.62,3.0,0.0,32.0,0.0,0.0,0.0,0.0,10.67,0.0,37.146153846153844,26.815015015015014,31.98058443058443,0.655802536308057,36.17517410702267
134,Dinesh Karthik,India,Wicketkeeper Batter,Batsman,3.0,14.0,22.0,1.0,0.0,4.67,63.64,0.0,0.0,0.0,0.0,0.0,0.0,0.0,0.0,0.0,42.04857142857143,27.013513513513516,34.53104247104247,0.2320428432977177,36.13357872644546
91,Karthik Meiyappan,U.A.E.,Bowler,Bits and Pieces,2.0,4.0,8.0,0.0,0.0,2.0,50.0,12.0,5.0,75.0,0.0,0.0,0.0,15.0,6.25,14.4,16.96,47.00000000000001,31.980000000000004,0.6329144461037092,36.02812079727933
169,Wayne Parnell,South Africa,Bowler,Bits and Pieces,4.0,5.0,13.0,0.0,0.0,1.25,38.46,16.0,5.0,102.0,1.0,2.0,0.0,20.4,6.38,19.2,13.50769230769231,49.0425,31.275096153846153,0.6978799956659903,35.64034894750608
58,Hazratullah Zazai,Afghanistan,Opening Batter,Batsman,1.0,7.0,17.0,1.0,0.0,7.0,41.18,0.0,0.0,0.0,0.0,0.0,0.0,0.0,0.0,0.0,42.85613445378151,24.012012012012015,33.434073232896765,0.2482320071880398,35.09395465431154
208,Kane Richardson,Australia,Bowler,Bits and Pieces,1.0,1.0,1.0,0.0,0.0,1.0,100.0,4.0,1.0,48.0,0.0,1.0,0.0,48.0,12.0,24.0,32.24,34.23,33.235,0.2644729826210579,34.99295191548217
31,Mitchell Starc,Australia,Bowler,Bits and Pieces,1.0,4.0,7.0,0.0,0.0,4.0,57.14,12.0,3.0,102.0,1.0,3.0,1.0,34.0,8.5,24.0,19.245714285714286,42.09,30.667857142857144,0.5372094768967054,33.96286984150858
125,Asif Ali,Pakistan,Middle order Batter,Batsman,1.0,2.0,3.0,0.0,0.0,2.0,66.67,0.0,0.0,0.0,0.0,0.0,0.0,0.0,0.0,0.0,29.993333333333336,27.013513513513516,28.503423423423428,0.9565276652850002,33.95628603539083
86,Zane Green,Namibia,Wicketkeeper Batter,Batsman,1.0,2.0,3.0,0.0,0.0,2.0,66.67,0.0,0.0,0.0,0.0,0.0,0.0,0.0,0.0,0.0,29.993333333333336,27.013513513513516,28.503423423423428,0.6866223105111686,32.41764071311726
66,Mujeeb Ur Rahman,Afghanistan,Bowler,Bits and Pieces,2.0,1.0,3.0,0.0,0.0,0.5,33.33,12.0,4.0,88.0,0.0,1.0,0.0,22.0,7.33,18.0,10.906666666666666,43.36,27.133333333333333,0.9680457430683698,32.38659489905102
104,Logan van Beek,Netherlands,Bowler,Bits and Pieces,4.0,15.0,23.0,0.0,0.0,3.75,65.22,16.2,3.0,125.0,0.0,3.0,0.0,41.67,7.72,32.4,24.469565217391306,39.17777777777777,31.823671497584538,0.0878444599848157,32.382778145072436
114,Obed McCoy,West Indies,Bowler,Bits and Pieces,1.0,2.0,3.0,0.0,0.0,2.0,66.67,9.3,1.0,71.0,0.0,0.0,0.0,71.0,7.63,55.8,21.813333333333333,35.97419354838709,28.893763440860212,0.4351965219091512,31.408656511725844
182,Trent Boult,New Zealand,Bowler,Bowler,0.0,0.0,0.0,0.0,0.0,0.0,0.0,20.0,8.0,148.0,0.0,3.0,0.0,18.5,7.4,15.0,0.0,51.936,25.968,0.896492191855575,30.62402184762112
189,Brandon Glover,Netherlands,Bowler,Bowler,0.0,0.0,0.0,0.0,0.0,0.0,0.0,8.5,7.0,60.0,1.0,3.0,0.0,8.57,7.06,7.29,0.0,54.52941176470588,27.26470588235294,0.5828193175645145,30.44278533754297
145,Yasir Ali,Bangladesh,Middle order Batter,Batsman,3.0,5.0,9.0,0.0,0.0,1.67,55.56,0.0,0.0,0.0,0.0,0.0,0.0,0.0,0.0,0.0,26.09444444444445,27.013513513513516,26.553978978978982,0.705046228013683,30.298335522555732
181,Adam Zampa,Australia,Bowler,Bits and Pieces,2.0,1.0,3.0,0.0,0.0,0.5,33.33,12.0,5.0,80.0,0.0,1.0,0.0,16.0,6.67,14.4,10.906666666666666,46.24999999999999,28.57833333333333,0.2074610455214868,29.764111515852306
77,Mark Wood,England,Bowler,Bowler,0.0,0.0,0.0,0.0,0.0,0.0,0.0,14.0,9.0,108.0,0.0,4.0,0.0,12.0,7.71,9.33,0.0,54.35142857142857,27.175714285714285,0.4086622989251669,29.39685226070098
95,Zawar Farid,U.A.E.,Bowler,Batsman,1.0,2.0,4.0,0.0,0.0,2.0,50.0,2.5,0.0,24.0,0.0,0.0,0.0,0.0,9.6,0.0,16.48,32.56201801801802,24.521009009009013,0.9094190162818664,28.980983387251364
116,Alzarri Joseph,West Indies,Bowler,Bowler,1.0,0.0,1.0,0.0,0.0,0.0,0.0,12.0,6.0,83.0,0.0,3.0,0.0,13.83,6.92,12.0,0.0,47.60999999999999,23.804999999999996,0.99855375811688,28.559114442394463
192,Kasun Rajitha,Sri Lanka,Bowler,Bits and Pieces,1.0,8.0,21.0,0.0,0.0,8.0,38.1,11.0,3.0,94.0,0.0,4.0,3.0,31.33,8.55,22.0,14.110476190476192,36.74181818181818,25.426147186147187,0.612032388930664,28.538472306875256
102,Roelof van der Merwe,Netherlands,Allrounder,Bits and Pieces,4.0,5.0,12.0,0.0,0.0,1.25,41.67,11.0,2.0,75.0,0.0,1.0,0.0,37.5,6.82,33.0,18.166666666666668,31.909090909090907,25.03787878787879,0.5573318718892791,27.82876035847586
123,Haider Ali,Pakistan,Middle order Batter,Batsman,2.0,2.0,5.0,0.0,0.0,1.0,40.0,0.0,0.0,0.0,0.0,0.0,0.0,0.0,0.0,0.0,18.26,27.013513513513516,22.63675675675676,0.8719803110226819,26.584517996217073
187,Aryan Lakra,U.A.E.,Bowler,Bits and Pieces,1.0,1.0,3.0,0.0,0.0,1.0,33.33,3.0,1.0,24.0,0.0,0.0,0.0,24.0,8.0,18.0,10.906666666666666,36.519999999999996,23.71333333333333,0.5368451502489836,26.259410932580842
211,Naveen-ul-Haq,Afghanistan,Bowler,Bowler,1.0,0.0,0.0,0.0,0.0,0.0,0.0,4.0,3.0,21.0,0.0,0.0,0.0,7.0,5.25,8.0,0.0,43.559999999999995,21.779999999999998,0.9753537544356417,26.028640954321652
217,Chris Jordan,England,Bowler,Bowler,0.0,0.0,0.0,0.0,0.0,0.0,0.0,8.0,5.0,70.0,0.0,1.0,0.0,14.0,8.75,9.6,0.0,46.125,23.0625,0.6126314048521233,25.888262354880418
68,Fazalhaq Farooqi,Afghanistan,Bowler,Bowler,1.0,0.0,2.0,0.0,0.0,0.0,0.0,11.3,3.0,75.0,1.0,4.0,0.0,25.0,6.64,22.6,0.0,42.80707964601769,21.403539823008845,0.9543146179740573,25.488682008906284
185,Lockie Ferguson,New Zealand,Bowler,Bowler,0.0,0.0,0.0,0.0,0.0,0.0,0.0,19.0,7.0,159.0,0.0,4.0,1.0,22.71,8.37,16.29,0.0,47.892631578947366,23.946315789473683,0.2841370360974762,25.307122828248733
67,Fareed Ahmad,Afghanistan,Bowler,Bits and Pieces,1.0,2.0,4.0,0.0,0.0,2.0,50.0,4.0,1.0,48.0,0.0,2.0,0.0,48.0,12.0,24.0,16.48,33.629999999999995,25.055,0.0202767982856351,25.15660703620932
79,Adil Rashid,England,Bowler,Bowler,0.0,0.0,0.0,0.0,0.0,0.0,0.0,24.0,4.0,147.0,1.0,1.0,0.0,36.75,6.12,36.0,0.0,46.894999999999996,23.447499999999998,0.3442943138217301,25.062068184667
162,Mark Watt,Scotland,Bowler,Bowler,0.0,0.0,0.0,0.0,0.0,0.0,0.0,12.0,5.0,70.0,0.0,3.0,0.0,14.0,5.83,14.4,0.0,45.35,22.675,0.481474086951747,24.858484984326175
149,Hasan Mahmud,Bangladesh,Bowler,Bowler,2.0,0.0,5.0,0.0,0.0,0.0,0.0,16.0,6.0,134.0,1.0,5.0,1.0,22.33,8.38,16.0,0.0,48.51,24.255,0.1200033187263012,24.83713609914129
161,Shamarh Brooks,West Indies,Top order Batter,Batsman,2.0,4.0,12.0,0.0,0.0,2.0,33.33,0.0,0.0,0.0,0.0,0.0,0.0,0.0,0.0,0.0,17.439999999999998,24.012012012012015,20.726006006006006,0.9536268685133574,24.678981246865316
163,Brad Wheal,Scotland,Bowler,Bowler,0.0,0.0,0.0,0.0,0.0,0.0,0.0,12.0,4.0,83.0,0.0,0.0,0.0,20.75,6.92,18.0,0.0,44.10999999999999,22.054999999999996,0.5334334660520063,24.407975018755398
138,Mohammed Shami,India,Bowler,Bowler,1.0,0.0,2.0,0.0,0.0,0.0,0.0,20.0,6.0,143.0,0.0,1.0,0.0,23.83,7.15,20.0,0.0,48.126,24.063,0.006151250979273,24.092603510462848
22,Ben Shikongo,Namibia,Bowler,Bowler,0.0,0.0,0.0,0.0,0.0,0.0,0.0,5.0,3.0,48.0,1.0,1.0,0.0,16.0,9.6,10.0,0.0,44.544000000000004,22.272000000000002,0.0765736658336836,22.613089737089563
151,Shakib Al Hasan,Bangladesh,Allrounder,Bowler,0.0,0.0,0.0,0.0,0.0,0.0,0.0,19.0,6.0,167.0,0.0,1.0,1.0,27.83,8.79,19.0,0.0,39.15263157894737,19.576315789473686,0.6077464682681585,21.95580314602465
201,Ebadot Hossain,Bangladesh,Bowler,Bowler,0.0,0.0,0.0,0.0,0.0,0.0,0.0,3.1,1.0,25.0,0.0,0.0,1.0,25.0,8.06,18.6,0.0,35.86451612903225,17.932258064516127,0.8095491676565928,20.835666982582577
32,Ashton Agar,Australia,Bowler,Bowler,0.0,0.0,0.0,0.0,0.0,0.0,0.0,4.0,1.0,25.0,0.0,1.0,0.0,25.0,6.25,24.0,0.0,36.3,18.15,0.6341616152853575,20.452006663485847
165,Safyaan Sharif,Scotland,Bowler,Bowler,0.0,0.0,0.0,0.0,0.0,0.0,0.0,8.6,2.0,78.0,0.0,3.0,1.0,39.0,9.07,25.8,0.0,35.83255813953488,17.91627906976744,0.5628798296457482,19.933221491902717
214,Wellington Masakadza,Zimbabwe,Bowler,Batsman,1.0,1.0,7.0,0.0,0.0,1.0,14.29,2.0,0.0,12.0,0.0,1.0,0.0,0.0,6.0,0.0,4.811428571428571,33.25801801801802,19.034723294723296,0.2327766735558392,19.920891208843603
33,Binura Fernando,Sri Lanka,Bowler,Bowler,0.0,0.0,0.0,0.0,0.0,0.0,0.0,8.5,2.0,65.0,0.0,2.0,0.0,32.5,7.65,25.5,0.0,37.55294117647059,18.776470588235295,0.3012807033927502,19.907868241446657
173,Timm van der Gugten,Netherlands,Bowler,Bowler,1.0,0.0,1.0,0.0,0.0,0.0,0.0,6.0,1.0,60.0,0.0,2.0,0.0,60.0,10.0,36.0,0.0,34.1,17.05,0.6896225036737144,19.40161273752737
193,Deepak Hooda,India,Allrounder,Unused Player,1.0,0.0,3.0,0.0,0.0,0.0,0.0,0.0,0.0,0.0,0.0,0.0,0.0,0.0,0.0,0.0,0.0,30.015015015015017,15.007507507507508,0.9204298651127072,17.770179129670126
90,Ahmed Raza,U.A.E.,Bowler,Unused Player,0.0,0.0,0.0,0.0,0.0,0.0,0.0,1.0,0.0,9.0,0.0,0.0,0.0,0.0,9.0,0.0,0.0,32.77801801801802,16.38900900900901,0.2269400475806564,17.13287350586987
35,Dasun Shanaka,Sri Lanka,Allrounder,Bowler,0.0,0.0,0.0,0.0,0.0,0.0,0.0,3.1,1.0,24.0,0.0,1.0,0.0,24.0,7.74,18.6,0.0,29.983870967741936,14.991935483870968,0.6666547111754719,16.99082436786323
190,Shoriful Islam,Bangladesh,Bowler,Unused Player,0.0,0.0,0.0,0.0,0.0,0.0,0.0,4.0,0.0,57.0,0.0,2.0,2.0,0.0,14.25,0.0,0.0,28.488018018018018,14.244009009009009,0.8731257598679941,16.731371246920517
80,Mohammad Nabi,Afghanistan,Allrounder,Bowler,0.0,0.0,0.0,0.0,0.0,0.0,0.0,6.0,1.0,46.0,0.0,0.0,0.0,46.0,7.67,36.0,0.0,30.116666666666667,15.058333333333334,0.4869833670756078,16.524964907176038
12,Danushka Gunathilaka,Sri Lanka,Allrounder,Unused Player,1.0,0.0,1.0,0.0,0.0,0.0,0.0,0.0,0.0,0.0,0.0,0.0,0.0,0.0,0.0,0.0,0.0,30.015015015015017,15.007507507507508,0.4560061369564145,16.376210612276086
20,Gerhard Erasmus,Namibia,Allrounder,Unused Player,0.0,0.0,0.0,0.0,0.0,0.0,0.0,4.0,0.0,21.0,0.0,1.0,0.0,0.0,5.25,0.0,0.0,27.940015015015017,13.970007507507509,0.5446734072350572,15.491825825150196
